{
   "towers": [
      {
         "tower": "Alchemist",
         "max": 1,
         "path1NumBlockedTiers": 0,
         "path2NumBlockedTiers": 3,
         "path3NumBlockedTiers": -1,
         "isHero": false
      },
      {
         "tower": "ChosenPrimaryHero",
         "max": 0,
         "path1NumBlockedTiers": 0,
         "path2NumBlockedTiers": 0,
         "path3NumBlockedTiers": 0,
         "isHero": true
      },
      {
         "tower": "BananaFarm",
         "max": -1,
         "path1NumBlockedTiers": 0,
         "path2NumBlockedTiers": 0,
         "path3NumBlockedTiers": 0,
         "isHero": false
      },
      {
         "tower": "Quincy",
         "max": 0,
         "path1NumBlockedTiers": 0,
         "path2NumBlockedTiers": 0,
         "path3NumBlockedTiers": 0,
         "isHero": true
      },
      {
         "tower": "BombShooter",
         "max": 0,
         "path1NumBlockedTiers": 0,
         "path2NumBlockedTiers": 0,
         "path3NumBlockedTiers": 0,
         "isHero": false
      },
      {
         "tower": "Gwendolin",
         "max": 0,
         "path1NumBlockedTiers": 0,
         "path2NumBlockedTiers": 0,
         "path3NumBlockedTiers": 0,
         "isHero": true
      },
      {
         "tower": "BoomerangMonkey",
         "max": 0,
         "path1NumBlockedTiers": 0,
         "path2NumBlockedTiers": 0,
         "path3NumBlockedTiers": 0,
         "isHero": false
      },
      {
         "tower": "StrikerJones",
         "max": 0,
         "path1NumBlockedTiers": 0,
         "path2NumBlockedTiers": 0,
         "path3NumBlockedTiers": 0,
         "isHero": true
      },
      {
         "tower": "DartMonkey",
         "max": 0,
         "path1NumBlockedTiers": 0,
         "path2NumBlockedTiers": 0,
         "path3NumBlockedTiers": 0,
         "isHero": false
      },
      {
         "tower": "ObynGreenfoot",
         "max": 0,
         "path1NumBlockedTiers": 0,
         "path2NumBlockedTiers": 0,
         "path3NumBlockedTiers": 0,
         "isHero": true
      },
      {
         "tower": "Druid",
         "max": 0,
         "path1NumBlockedTiers": 0,
         "path2NumBlockedTiers": 0,
         "path3NumBlockedTiers": 0,
         "isHero": false
      },
      {
         "tower": "CaptainChurchill",
         "max": 0,
         "path1NumBlockedTiers": 0,
         "path2NumBlockedTiers": 0,
         "path3NumBlockedTiers": 0,
         "isHero": true
      },
      {
         "tower": "GlueGunner",
         "max": 0,
         "path1NumBlockedTiers": 0,
         "path2NumBlockedTiers": 0,
         "path3NumBlockedTiers": 0,
         "isHero": false
      },
      {
         "tower": "Benjamin",
         "max": 0,
         "path1NumBlockedTiers": 0,
         "path2NumBlockedTiers": 0,
         "path3NumBlockedTiers": 0,
         "isHero": true
      },
      {
         "tower": "HeliPilot",
         "max": 0,
         "path1NumBlockedTiers": 0,
         "path2NumBlockedTiers": 0,
         "path3NumBlockedTiers": 0,
         "isHero": false
      },
      {
         "tower": "Ezili",
         "max": 0,
         "path1NumBlockedTiers": 0,
         "path2NumBlockedTiers": 0,
         "path3NumBlockedTiers": 0,
         "isHero": true
      },
      {
         "tower": "IceMonkey",
         "max": 0,
         "path1NumBlockedTiers": 0,
         "path2NumBlockedTiers": 0,
         "path3NumBlockedTiers": 0,
         "isHero": false
      },
      {
         "tower": "PatFusty",
         "max": 0,
         "path1NumBlockedTiers": 0,
         "path2NumBlockedTiers": 0,
         "path3NumBlockedTiers": 0,
         "isHero": true
      },
      {
         "tower": "MonkeyAce",
         "max": 0,
         "path1NumBlockedTiers": 0,
         "path2NumBlockedTiers": 0,
         "path3NumBlockedTiers": 0,
         "isHero": false
      },
      {
         "tower": "Adora",
         "max": 0,
         "path1NumBlockedTiers": 0,
         "path2NumBlockedTiers": 0,
         "path3NumBlockedTiers": 0,
         "isHero": true
      },
      {
         "tower": "MonkeyBuccaneer",
         "max": 5,
         "path1NumBlockedTiers": 0,
         "path2NumBlockedTiers": 0,
         "path3NumBlockedTiers": 0,
         "isHero": false
      },
      {
         "tower": "AdmiralBrickell",
         "max": 0,
         "path1NumBlockedTiers": 0,
         "path2NumBlockedTiers": 0,
         "path3NumBlockedTiers": 0,
         "isHero": true
      },
      {
         "tower": "MonkeySub",
         "max": 0,
         "path1NumBlockedTiers": 0,
         "path2NumBlockedTiers": 0,
         "path3NumBlockedTiers": 0,
         "isHero": false
      },
      {
         "tower": "Etienne",
         "max": 0,
         "path1NumBlockedTiers": 0,
         "path2NumBlockedTiers": 0,
         "path3NumBlockedTiers": 0,
         "isHero": true
      },
      {
         "tower": "MonkeyVillage",
         "max": 1,
         "path1NumBlockedTiers": 3,
         "path2NumBlockedTiers": 0,
         "path3NumBlockedTiers": 3,
         "isHero": false
      },
      {
         "tower": "Sauda",
         "max": 1,
         "path1NumBlockedTiers": 0,
         "path2NumBlockedTiers": 0,
         "path3NumBlockedTiers": 0,
         "isHero": true
      },
      {
         "tower": "NinjaMonkey",
         "max": 0,
         "path1NumBlockedTiers": 0,
         "path2NumBlockedTiers": 0,
         "path3NumBlockedTiers": 0,
         "isHero": false
      },
      {
         "tower": "Psi",
         "max": 0,
         "path1NumBlockedTiers": 0,
         "path2NumBlockedTiers": 0,
         "path3NumBlockedTiers": 0,
         "isHero": true
      },
      {
         "tower": "SniperMonkey",
         "max": 0,
         "path1NumBlockedTiers": 0,
         "path2NumBlockedTiers": 0,
         "path3NumBlockedTiers": 0,
         "isHero": false
      },
      {
         "tower": "SpikeFactory",
         "max": 0,
         "path1NumBlockedTiers": 0,
         "path2NumBlockedTiers": 0,
         "path3NumBlockedTiers": 0,
         "isHero": false
      },
      {
         "tower": "SuperMonkey",
         "max": 0,
         "path1NumBlockedTiers": 0,
         "path2NumBlockedTiers": 0,
         "path3NumBlockedTiers": 0,
         "isHero": false
      },
      {
         "tower": "TackShooter",
         "max": 0,
         "path1NumBlockedTiers": 0,
         "path2NumBlockedTiers": 0,
         "path3NumBlockedTiers": 0,
         "isHero": false
      },
      {
         "tower": "WizardMonkey",
         "max": 0,
         "path1NumBlockedTiers": 0,
         "path2NumBlockedTiers": 0,
         "path3NumBlockedTiers": 0,
         "isHero": false
      },
      {
         "tower": "MortarMonkey",
         "max": 0,
         "path1NumBlockedTiers": 0,
         "path2NumBlockedTiers": 0,
         "path3NumBlockedTiers": 0,
         "isHero": false
      },
      {
         "tower": "EngineerMonkey",
         "max": 0,
         "path1NumBlockedTiers": 0,
         "path2NumBlockedTiers": 0,
         "path3NumBlockedTiers": 0,
         "isHero": false
      },
      {
         "tower": "DartlingGunner",
         "max": 0,
         "path1NumBlockedTiers": 0,
         "path2NumBlockedTiers": 0,
         "path3NumBlockedTiers": 0,
         "isHero": false
      }
   ],
   "map": "Bazaar",
   "difficulty": "Medium",
   "rewards": "MonkeyMoney:60#InstaMonkey:DartlingGunner,102",
   "mode": "Standard",
   "id": 1048,
   "maxTowers": -1,
   "seed": 1,
   "bloonModifiers": {
      "speedMultiplier": 1,
      "moabSpeedMultiplier": 1,
      "regrowRateMultiplier": 1,
      "healthMultipliers": {
         "bloons": 1,
         "moabs": 1
      },
      "allCamo": false,
      "allRegen": false
   },
   "disableMK": false,
   "startRules": {
      "lives": -1,
      "cash": -1,
      "round": -1,
      "maxLives": -1,
      "endRound": 60
   },
   "name": "Saudas adventure ~By The_Great_1_22",
   "displayIncludedTowers": true,
   "disableSelling": false,
   "disablePowers": false,
   "noContinues": false,
   "noInstaReward": false,
   "roundSets": []
}