{
   "SKU": {
      "id": "lndqbo35",
      "name": "CT",
      "start": 1696975200000,
      "end": 1697580000000,
      "type": "ct",
      "frequency": "single",
      "priority": 1,
      "rewards": [],
      "metadata": {
         "newsPanelBackground": "CTEventBanner_{{RES}}.jpg",
         "rewards": "default"
      },
      "description": "",
      "rewardType": "none",
      "icon": ""
   },
   "Data": {"MapSize":7,"Relics":{"MaxSelectable":4,"MaxToSelectFrom":7},"RewardSettings":{"Regular":{"FirstVictory":{"MonkeyMoney":30,"TeamTrophies":2,"CtPoints":0},"ReplayVictory":{"MonkeyMoney":20,"TeamTrophies":0,"CtPoints":0},"NeutralCapture":{"MonkeyMoney":0,"TeamTrophies":5,"CtPoints":20},"TeamCapture":{"MonkeyMoney":0,"TeamTrophies":10,"CtPoints":20},"OpponentCapture":{"MonkeyMoney":0,"TeamTrophies":15,"CtPoints":20}},"Banner":{"FirstVictory":{"MonkeyMoney":80,"TeamTrophies":4,"CtPoints":0},"ReplayVictory":{"MonkeyMoney":30,"TeamTrophies":0,"CtPoints":0},"NeutralCapture":{"MonkeyMoney":0,"TeamTrophies":10,"CtPoints":40},"TeamCapture":{"MonkeyMoney":0,"TeamTrophies":20,"CtPoints":40},"OpponentCapture":{"MonkeyMoney":0,"TeamTrophies":30,"CtPoints":40}},"Relic":{"FirstVictory":{"MonkeyMoney":80,"TeamTrophies":10,"CtPoints":0},"ReplayVictory":{"MonkeyMoney":30,"TeamTrophies":0,"CtPoints":0},"NeutralCapture":{"MonkeyMoney":0,"TeamTrophies":25,"CtPoints":10},"TeamCapture":{"MonkeyMoney":0,"TeamTrophies":50,"CtPoints":10},"OpponentCapture":{"MonkeyMoney":0,"TeamTrophies":75,"CtPoints":10}}},"MapGenerationSettings":{"BannerTileCount":24,"RelicTileCount":24,"TeamStartAreaRange":3,"MapCentralAreaProportion":0.75,"MinTileProportionInCenter":0.7,"MaxTeamScoreSeparation":3,"TowerSettings":{"DartMonkey":{"proportion":0.16,"isAdjustedByMapWater":false,"isOnLeadList":true,"isOnCamoList":true,"isOnCamoRevealList":false,"isOnRequiredTowerList":true},"BoomerangMonkey":{"proportion":0.16,"isAdjustedByMapWater":false,"isOnLeadList":true,"isOnCamoList":false,"isOnCamoRevealList":false,"isOnRequiredTowerList":true},"BombShooter":{"proportion":0.16,"isAdjustedByMapWater":false,"isOnLeadList":true,"isOnCamoList":false,"isOnCamoRevealList":false,"isOnRequiredTowerList":true},"TackShooter":{"proportion":0.16,"isAdjustedByMapWater":false,"isOnLeadList":true,"isOnCamoList":false,"isOnCamoRevealList":false,"isOnRequiredTowerList":true},"IceMonkey":{"proportion":0.16,"isAdjustedByMapWater":false,"isOnLeadList":true,"isOnCamoList":false,"isOnCamoRevealList":false,"isOnRequiredTowerList":true},"GlueGunner":{"proportion":0.16,"isAdjustedByMapWater":false,"isOnLeadList":true,"isOnCamoList":false,"isOnCamoRevealList":false,"isOnRequiredTowerList":false},"SniperMonkey":{"proportion":0.16,"isAdjustedByMapWater":false,"isOnLeadList":true,"isOnCamoList":true,"isOnCamoRevealList":false,"isOnRequiredTowerList":true},"MonkeySub":{"proportion":0.16,"isAdjustedByMapWater":true,"isOnLeadList":true,"isOnCamoList":false,"isOnCamoRevealList":false,"isOnRequiredTowerList":true},"MonkeyBuccaneer":{"proportion":0.16,"isAdjustedByMapWater":true,"isOnLeadList":true,"isOnCamoList":false,"isOnCamoRevealList":false,"isOnRequiredTowerList":true},"MonkeyAce":{"proportion":0.16,"isAdjustedByMapWater":false,"isOnLeadList":true,"isOnCamoList":true,"isOnCamoRevealList":false,"isOnRequiredTowerList":false},"HeliPilot":{"proportion":0.16,"isAdjustedByMapWater":false,"isOnLeadList":true,"isOnCamoList":true,"isOnCamoRevealList":false,"isOnRequiredTowerList":false},"MortarMonkey":{"proportion":0.16,"isAdjustedByMapWater":false,"isOnLeadList":true,"isOnCamoList":false,"isOnCamoRevealList":true,"isOnRequiredTowerList":false},"DartlingGunner":{"proportion":0.16,"isAdjustedByMapWater":false,"isOnLeadList":true,"isOnCamoList":true,"isOnCamoRevealList":false,"isOnRequiredTowerList":false},"WizardMonkey":{"proportion":0.16,"isAdjustedByMapWater":false,"isOnLeadList":true,"isOnCamoList":false,"isOnCamoRevealList":true,"isOnRequiredTowerList":true},"SuperMonkey":{"proportion":0.16,"isAdjustedByMapWater":false,"isOnLeadList":false,"isOnCamoList":true,"isOnCamoRevealList":false,"isOnRequiredTowerList":false},"NinjaMonkey":{"proportion":0.16,"isAdjustedByMapWater":false,"isOnLeadList":true,"isOnCamoList":false,"isOnCamoRevealList":true,"isOnRequiredTowerList":true},"Alchemist":{"proportion":0.1,"isAdjustedByMapWater":false,"isOnLeadList":true,"isOnCamoList":false,"isOnCamoRevealList":false,"isOnRequiredTowerList":true},"Druid":{"proportion":0.16,"isAdjustedByMapWater":false,"isOnLeadList":true,"isOnCamoList":false,"isOnCamoRevealList":false,"isOnRequiredTowerList":true},"BananaFarm":{"proportion":0.16,"isAdjustedByMapWater":false,"isOnLeadList":false,"isOnCamoList":false,"isOnCamoRevealList":false,"isOnRequiredTowerList":false},"EngineerMonkey":{"proportion":0.16,"isAdjustedByMapWater":false,"isOnLeadList":true,"isOnCamoList":false,"isOnCamoRevealList":true,"isOnRequiredTowerList":true},"SpikeFactory":{"proportion":0.16,"isAdjustedByMapWater":false,"isOnLeadList":true,"isOnCamoList":true,"isOnCamoRevealList":false,"isOnRequiredTowerList":false},"MonkeyVillage":{"proportion":0.1,"isAdjustedByMapWater":false,"isOnLeadList":false,"isOnCamoList":false,"isOnCamoRevealList":true,"isOnRequiredTowerList":false},"BeastHandler":{"proportion":0.16,"isAdjustedByMapWater":false,"isOnLeadList":true,"isOnCamoList":false,"isOnCamoRevealList":false,"isOnRequiredTowerList":false}},"MapSettings":{"waterTowerModifiers":{"Tutorial":-0.1,"TreeStump":-0.1,"TownCentre":-0.08,"Scrapyard":-0.1,"TheCabin":-0.04,"Resort":-0.02,"Skates":-0.06,"LotusIsland":0,"CandyFalls":-0.02,"WinterPark":-0.09,"Carved":-0.08,"ParkPath":-0.08,"AlpineRun":-0.1,"FrozenOver":-0.08,"InTheLoop":-0.08,"Cubism":-0.07,"FourCircles":-0.08,"Hedge":-0.1,"EndOfTheRoad":-0.07,"Logs":-0.08,"Quarry":-0.08,"QuietStreet":-0.09,"BloonariusPrime":0,"Balance":-0.09,"Encrypted":-0.09,"Bazaar":-0.07,"AdorasTemple":-0.08,"SpringSpring":-0.04,"KartsNDarts":-0.1,"MoonLanding":-0.1,"Haunted":-0.04,"Downstream":-0.06,"FiringRange":-0.09,"Cracked":-0.09,"Streambed":-0.07,"Chutes":-0.08,"Rake":-0.06,"SpiceIslands":0.09,"SunkenColumns":-0.08,"XFactor":-0.1,"Mesa":-0.1,"Geared":-0.1,"Spillway":-0.09,"Cargo":-0.05,"PatsPond":-0.02,"Peninsula":0.06,"HighFinance":-0.09,"AnotherBrick":-0.08,"OffTheCoast":0,"Cornfield":-0.1,"Underground":-0.1,"Sanctuary":-0.1,"Ravine":-0.09,"FloodedValley":0.05,"Infernal":-0.04,"BloodyPuddles":-0.06,"Workshop":-0.1,"Quad":-0.07,"DarkCastle":-0.07,"MuddyPuddles":-0.06,"#ouch":-0.06,"CoveredGarden":-0.06,"MidnightMansion":-0.1,"OneTwoTree":-0.1,"MiddleOfTheRoad":-0.1,"DarkDungeons":-0.1,"Erosion":0.02,"WaterPark":-0.09,"DarkPath":-0.1}},"InjectedSettings":{"mapsWithHardPricing":["Logs","Resort","FrozenOver"],"mapsWithEasyPricing":["LotusIsland","TheCabin","Bazaar","MoonLanding","Chutes"]},"BannedHeroes":{"LeastTiers":["Sauda","Geraldo","CaptainChurchill"],"LeastCash":["Sauda"],"Boss":["Benjamin"]},"GameSettings":{"Regular":{"tileType":4,"monkeyKnowledgeEnabled":true,"powersEnabled":false,"tileSettings":{"Race":{"proportion":0.2,"heroes":{"playerChosen":0.1,"defined":0.45,"none":0.45},"towers":{"regular":0.3,"regularTowerTypes":{"min":7,"max":7},"perTowerCap":0.4,"perTowerCapTowerTypes":{"min":8,"max":8},"perTowerMinCount":2,"perTowerMaxCount":6,"perTowerCapMapTotal":{"min":14,"max":18},"maxTowers":0.3,"maxTowersTowerTypes":{"min":7,"max":7},"maxTowersMapTotal":{"min":12,"max":20}},"mapDifficulty":{"beginner":0.9,"intermediate":0.1,"advanced":0},"mapBlacklist":["XFactor","Spillway","Geared","PatsPond","HighFinance","CoveredGarden","Polyphemus","Erosion","DarkPath"],"gameDifficulty":{"easy":0,"medium":1,"hard":0},"rounds":{"startingRound":null,"totalRounds":{"min":50,"max":70},"hardLimitMaxRound":80},"bosses":null,"mapModeProportions":{"None":0.85,"Reverse":0.1,"DoubleHpMoabs":0.05},"modifiers":{"noModifiers":1,"moabSpeed":0,"moabSpeedRange":null,"moabHealth":0,"moabHealthRange":null,"bloonSpeed":0,"bloonSpeedRange":null,"ceramicHealth":0,"ceramicHealthRange":null,"regrowRate":0,"regrowRateRange":null},"noSellingFrequency":0.01},"LeastCash":{"proportion":0.4,"heroes":{"playerChosen":0.2,"defined":0.35,"none":0.45},"towers":{"regular":0.3,"regularTowerTypes":{"min":6,"max":7},"perTowerCap":0.4,"perTowerCapTowerTypes":{"min":6,"max":7},"perTowerMinCount":2,"perTowerMaxCount":5,"perTowerCapMapTotal":{"min":14,"max":18},"maxTowers":0.3,"maxTowersTowerTypes":{"min":6,"max":7},"maxTowersMapTotal":{"min":10,"max":15}},"mapDifficulty":{"beginner":0.5,"intermediate":0.5,"advanced":0},"mapBlacklist":["XFactor","Spillway","Geared","PatsPond","HighFinance","Polyphemus","Erosion"],"gameDifficulty":{"easy":0,"medium":1,"hard":0},"rounds":{"startingRound":null,"totalRounds":{"min":38,"max":50},"hardLimitMaxRound":89},"bosses":null,"mapModeProportions":{"None":0.95,"Reverse":0.05},"modifiers":{"noModifiers":0.8,"moabSpeed":0.1,"moabSpeedRange":{"min":5,"max":10},"moabHealth":0,"moabHealthRange":null,"bloonSpeed":0.15,"bloonSpeedRange":{"min":5,"max":10},"ceramicHealth":0.05,"ceramicHealthRange":{"min":10,"max":30},"regrowRate":0,"regrowRateRange":null},"noSellingFrequency":0.01},"LeastTiers":{"proportion":0.4,"heroes":{"playerChosen":0.4,"defined":0.2,"none":0.4},"towers":{"regular":0.3,"regularTowerTypes":{"min":6,"max":7},"perTowerCap":0.4,"perTowerCapTowerTypes":{"min":6,"max":6},"perTowerMinCount":2,"perTowerMaxCount":5,"perTowerCapMapTotal":{"min":14,"max":18},"maxTowers":0.3,"maxTowersTowerTypes":{"min":6,"max":6},"maxTowersMapTotal":{"min":15,"max":20}},"mapDifficulty":{"beginner":0.5,"intermediate":0.5,"advanced":0},"mapBlacklist":["XFactor","Spillway","Geared","PatsPond","HighFinance","Polyphemus","Erosion"],"gameDifficulty":{"easy":0,"medium":1,"hard":0},"rounds":{"startingRound":null,"totalRounds":{"min":38,"max":50},"hardLimitMaxRound":89},"bosses":null,"mapModeProportions":{"None":0.95,"Reverse":0.05},"modifiers":{"noModifiers":0.8,"moabSpeed":0.1,"moabSpeedRange":{"min":5,"max":10},"moabHealth":0,"moabHealthRange":null,"bloonSpeed":0.15,"bloonSpeedRange":{"min":5,"max":10},"ceramicHealth":0,"ceramicHealthRange":{"min":10,"max":30},"regrowRate":0,"regrowRateRange":null},"noSellingFrequency":0.01},"Boss":{"proportion":0,"heroes":null,"towers":null,"mapDifficulty":null,"mapBlacklist":null,"gameDifficulty":null,"rounds":null,"bosses":null,"mapModeProportions":null,"modifiers":null,"noSellingFrequency":0}}},"Banner":{"tileType":2,"monkeyKnowledgeEnabled":false,"powersEnabled":false,"tileSettings":{"Race":{"proportion":0.3,"heroes":{"playerChosen":0.1,"defined":0.35,"none":0.55},"towers":{"regular":0,"regularTowerTypes":{"min":0,"max":0},"perTowerCap":0.5,"perTowerCapTowerTypes":{"min":6,"max":7},"perTowerMinCount":1,"perTowerMaxCount":6,"perTowerCapMapTotal":{"min":10,"max":14},"maxTowers":0.5,"maxTowersTowerTypes":{"min":6,"max":7},"maxTowersMapTotal":{"min":10,"max":15}},"mapDifficulty":{"beginner":0.7,"intermediate":0.3,"advanced":0},"mapBlacklist":["XFactor","Spillway","Geared","PatsPond","HighFinance","CoveredGarden","DarkDungeons","Polyphemus","Erosion","DarkPath"],"gameDifficulty":{"easy":0,"medium":1,"hard":0},"rounds":{"startingRound":[{"range":{"min":1,"max":10},"proportion":1}],"totalRounds":{"min":50,"max":80},"hardLimitMaxRound":80},"bosses":null,"mapModeProportions":{"None":0.8,"Reverse":0.1,"DoubleHpMoabs":0.1},"modifiers":{"noModifiers":0.7,"moabSpeed":0.15,"moabSpeedRange":{"min":1,"max":5},"moabHealth":0.15,"moabHealthRange":{"min":2,"max":10},"bloonSpeed":0,"bloonSpeedRange":null,"ceramicHealth":0,"ceramicHealthRange":null,"regrowRate":0,"regrowRateRange":null},"noSellingFrequency":0.08},"LeastCash":{"proportion":0.2,"heroes":{"playerChosen":0.05,"defined":0.35,"none":0.6},"towers":{"regular":0.2,"regularTowerTypes":{"min":5,"max":6},"perTowerCap":0.8,"perTowerCapTowerTypes":{"min":5,"max":7},"perTowerMinCount":1,"perTowerMaxCount":6,"perTowerCapMapTotal":{"min":10,"max":14},"maxTowers":0,"maxTowersTowerTypes":{"min":0,"max":0},"maxTowersMapTotal":{"min":0,"max":0}},"mapDifficulty":{"beginner":0.1,"intermediate":0.6,"advanced":0.3},"mapBlacklist":["XFactor","Spillway","Geared","PatsPond","HighFinance","CoveredGarden","Polyphemus","Erosion"],"gameDifficulty":{"easy":0,"medium":0.6,"hard":0.4},"rounds":{"startingRound":[{"range":{"min":1,"max":6},"proportion":0.8},{"range":{"min":7,"max":15},"proportion":0.2}],"totalRounds":{"min":55,"max":85},"hardLimitMaxRound":100},"bosses":null,"mapModeProportions":{"None":0.85,"Reverse":0.15},"modifiers":{"noModifiers":0.45,"moabSpeed":0.05,"moabSpeedRange":{"min":5,"max":10},"moabHealth":0.05,"moabHealthRange":{"min":10,"max":15},"bloonSpeed":0.2,"bloonSpeedRange":{"min":5,"max":10},"ceramicHealth":0.1,"ceramicHealthRange":{"min":40,"max":100},"regrowRate":0.15,"regrowRateRange":{"min":10,"max":50}},"noSellingFrequency":0.08},"LeastTiers":{"proportion":0.2,"heroes":{"playerChosen":0.15,"defined":0.25,"none":0.6},"towers":{"regular":0.1,"regularTowerTypes":{"min":5,"max":6},"perTowerCap":0.5,"perTowerCapTowerTypes":{"min":5,"max":7},"perTowerMinCount":1,"perTowerMaxCount":6,"perTowerCapMapTotal":{"min":10,"max":15},"maxTowers":0.4,"maxTowersTowerTypes":{"min":6,"max":7},"maxTowersMapTotal":{"min":8,"max":12}},"mapDifficulty":{"beginner":0.5,"intermediate":0.5,"advanced":0},"mapBlacklist":["XFactor","Spillway","Geared","PatsPond","HighFinance","CoveredGarden","Polyphemus","Erosion"],"gameDifficulty":{"easy":0.2,"medium":0.4,"hard":0.4},"rounds":{"startingRound":[{"range":{"min":1,"max":6},"proportion":0.7},{"range":{"min":7,"max":20},"proportion":0.3}],"totalRounds":{"min":55,"max":85},"hardLimitMaxRound":100},"bosses":null,"mapModeProportions":{"None":0.85,"Reverse":0.15},"modifiers":{"noModifiers":0.35,"moabSpeed":0.05,"moabSpeedRange":{"min":5,"max":10},"moabHealth":0.05,"moabHealthRange":{"min":10,"max":15},"bloonSpeed":0.2,"bloonSpeedRange":{"min":5,"max":10},"ceramicHealth":0.1,"ceramicHealthRange":{"min":40,"max":100},"regrowRate":0.25,"regrowRateRange":{"min":10,"max":50}},"noSellingFrequency":0.08},"Boss":{"proportion":0.3,"heroes":{"playerChosen":0.1,"defined":0.45,"none":0.45},"towers":{"regular":0.2,"regularTowerTypes":{"min":6,"max":6},"perTowerCap":0.4,"perTowerCapTowerTypes":{"min":6,"max":6},"perTowerMinCount":2,"perTowerMaxCount":6,"perTowerCapMapTotal":{"min":14,"max":18},"maxTowers":0.4,"maxTowersTowerTypes":{"min":6,"max":6},"maxTowersMapTotal":{"min":12,"max":14}},"mapDifficulty":{"beginner":0.3,"intermediate":0.7,"advanced":0},"mapBlacklist":["LotusIsland","TheCabin","Quarry","Encrypted","Bazaar","FiringRange","Chutes","Rake","BloonariusPrime","CoveredGarden","DarkDungeons","Polyphemus","Erosion"],"gameDifficulty":{"easy":1,"medium":0,"hard":0},"rounds":{"startingRound":[{"range":{"min":1,"max":5},"proportion":1}],"totalRounds":null,"hardLimitMaxRound":0},"bosses":{"oneTier":0.4,"twoTiers":0.6,"spawnRounds":[40,60],"checkpointRounds":null,"bossChances":{"Bloonarius":0.16,"Lych":0.16,"Vortex":0.16,"Dreadbloon":0.24,"Phayze":0.24}},"mapModeProportions":{"None":0.95,"Reverse":0.05},"modifiers":null,"noSellingFrequency":0}}},"Relic":{"tileType":3,"monkeyKnowledgeEnabled":false,"powersEnabled":false,"tileSettings":{"Race":{"proportion":0.2,"heroes":{"playerChosen":0.1,"defined":0.45,"none":0.45},"towers":{"regular":0.1,"regularTowerTypes":{"min":6,"max":7},"perTowerCap":0.7,"perTowerCapTowerTypes":{"min":6,"max":7},"perTowerMinCount":1,"perTowerMaxCount":6,"perTowerCapMapTotal":{"min":11,"max":15},"maxTowers":0.2,"maxTowersTowerTypes":{"min":6,"max":7},"maxTowersMapTotal":{"min":10,"max":15}},"mapDifficulty":{"beginner":0.8,"intermediate":0.2,"advanced":0},"mapBlacklist":["XFactor","Spillway","Geared","PatsPond","HighFinance","CoveredGarden","DarkDungeons","Polyphemus","Erosion","DarkPath"],"gameDifficulty":{"easy":0,"medium":1,"hard":0},"rounds":{"startingRound":[{"range":{"min":1,"max":10},"proportion":1}],"totalRounds":{"min":50,"max":80},"hardLimitMaxRound":80},"bosses":null,"mapModeProportions":{"None":0.9,"Reverse":0.1},"modifiers":{"noModifiers":0.5,"moabSpeed":0.25,"moabSpeedRange":{"min":5,"max":10},"moabHealth":0.25,"moabHealthRange":{"min":5,"max":15},"bloonSpeed":0,"bloonSpeedRange":null,"ceramicHealth":0,"ceramicHealthRange":null,"regrowRate":0,"regrowRateRange":null},"noSellingFrequency":0.05},"LeastCash":{"proportion":0.3,"heroes":{"playerChosen":0.2,"defined":0.3,"none":0.5},"towers":{"regular":0.2,"regularTowerTypes":{"min":5,"max":6},"perTowerCap":0.8,"perTowerCapTowerTypes":{"min":6,"max":7},"perTowerMinCount":1,"perTowerMaxCount":6,"perTowerCapMapTotal":{"min":11,"max":15},"maxTowers":0,"maxTowersTowerTypes":{"min":0,"max":0},"maxTowersMapTotal":{"min":0,"max":0}},"mapDifficulty":{"beginner":0.2,"intermediate":0.7,"advanced":0.1},"mapBlacklist":["XFactor","Spillway","Geared","PatsPond","HighFinance","CoveredGarden","Polyphemus","Erosion"],"gameDifficulty":{"easy":0,"medium":0.6,"hard":0.4},"rounds":{"startingRound":[{"range":{"min":1,"max":6},"proportion":0.7},{"range":{"min":7,"max":15},"proportion":0.3}],"totalRounds":{"min":45,"max":85},"hardLimitMaxRound":100},"bosses":null,"mapModeProportions":{"None":0.9,"Reverse":0.1},"modifiers":{"noModifiers":0.45,"moabSpeed":0.05,"moabSpeedRange":{"min":5,"max":10},"moabHealth":0.05,"moabHealthRange":{"min":10,"max":15},"bloonSpeed":0.2,"bloonSpeedRange":{"min":5,"max":10},"ceramicHealth":0.1,"ceramicHealthRange":{"min":40,"max":100},"regrowRate":0.15,"regrowRateRange":{"min":10,"max":50}},"noSellingFrequency":0.05},"LeastTiers":{"proportion":0.3,"heroes":{"playerChosen":0.2,"defined":0.3,"none":0.5},"towers":{"regular":0.2,"regularTowerTypes":{"min":6,"max":6},"perTowerCap":0.5,"perTowerCapTowerTypes":{"min":6,"max":7},"perTowerMinCount":2,"perTowerMaxCount":5,"perTowerCapMapTotal":{"min":12,"max":16},"maxTowers":0.3,"maxTowersTowerTypes":{"min":6,"max":6},"maxTowersMapTotal":{"min":10,"max":14}},"mapDifficulty":{"beginner":0.4,"intermediate":0.5,"advanced":0.1},"mapBlacklist":["XFactor","Spillway","Geared","PatsPond","HighFinance","CoveredGarden","Polyphemus","Erosion"],"gameDifficulty":{"easy":0.2,"medium":0.6,"hard":0.2},"rounds":{"startingRound":[{"range":{"min":1,"max":6},"proportion":0.6},{"range":{"min":7,"max":20},"proportion":0.4}],"totalRounds":{"min":50,"max":85},"hardLimitMaxRound":100},"bosses":null,"mapModeProportions":{"None":0.9,"Reverse":0.1},"modifiers":{"noModifiers":0.35,"moabSpeed":0.05,"moabSpeedRange":{"min":5,"max":10},"moabHealth":0.05,"moabHealthRange":{"min":10,"max":15},"bloonSpeed":0.2,"bloonSpeedRange":{"min":5,"max":10},"ceramicHealth":0.1,"ceramicHealthRange":{"min":40,"max":100},"regrowRate":0.25,"regrowRateRange":{"min":10,"max":50}},"noSellingFrequency":0.05},"Boss":{"proportion":0.2,"heroes":{"playerChosen":0.1,"defined":0.45,"none":0.45},"towers":{"regular":0.2,"regularTowerTypes":{"min":7,"max":8},"perTowerCap":0.4,"perTowerCapTowerTypes":{"min":8,"max":8},"perTowerMinCount":2,"perTowerMaxCount":6,"perTowerCapMapTotal":{"min":18,"max":22},"maxTowers":0.4,"maxTowersTowerTypes":{"min":7,"max":8},"maxTowersMapTotal":{"min":14,"max":16}},"mapDifficulty":{"beginner":0.5,"intermediate":0.5,"advanced":0},"mapBlacklist":["LotusIsland","TheCabin","Quarry","Encrypted","Bazaar","FiringRange","Chutes","Rake","CoveredGarden","DarkDungeons","Polyphemus","Erosion"],"gameDifficulty":{"easy":1,"medium":0,"hard":0},"rounds":{"startingRound":[{"range":{"min":1,"max":1},"proportion":1}],"totalRounds":null,"hardLimitMaxRound":0},"bosses":{"oneTier":0.7,"twoTiers":0.3,"spawnRounds":[40,60],"checkpointRounds":null,"bossChances":{"Bloonarius":0.16,"Lych":0.16,"Vortex":0.16,"Dreadbloon":0.24,"Phayze":0.24}},"mapModeProportions":{"None":0.95,"Reverse":0.05},"modifiers":null,"noSellingFrequency":0}}}},"BannedTowers":{"Race":[],"LeastCash":[],"LeastTiers":[],"Boss":[]},"BossSpecialTowers":{"Dreadbloon":[{"Primary":["DartMonkey","BoomerangMonkey","BombShooter","TackShooter","IceMonkey"],"Military":["SniperMonkey","MonkeySub","Buccaneer","MonkeyAce","HeliPilot","MortarMonkey"],"Magic":["WizardMonkey","NinjaMonkey","Alchemist","Druid"],"Support":["SpikeFactory"],"AllTowers":[]},{"Primary":["DartMonkey"],"Military":["SniperMonkey","MonkeyAce","HeliPilot"],"Magic":["SuperMonkey"],"Support":["SpikeFactory"],"AllTowers":[]},{"Primary":[],"Military":["MortarMonkey"],"Magic":["WizardMonkey","NinjaMonkey"],"Support":["MonkeyVillage","EngineerMonkey"],"AllTowers":[]}],"Phayze":[{"Primary":[],"Military":[],"Magic":[],"Support":[],"AllTowers":["DartMonkey","BoomerangMonkey","BombShooter","TackShooter","IceMonkey","GlueGunner","SniperMonkey","MonkeySub","Buccaneer","MonkeyAce","HeliPilot","MortarMonkey","DartlingGunner","WizardMonkey","NinjaMonkey","Alchemist","Druid","SpikeFactory","EngineerMonkey"]},{"Primary":[],"Military":[],"Magic":[],"Support":[],"AllTowers":["DartMonkey","SniperMonkey","MonkeyAce","HeliPilot","DartlingGunner","SuperMonkey","SpikeFactory"]},{"Primary":[],"Military":[],"Magic":[],"Support":[],"AllTowers":["MortarMonkey","WizardMonkey","NinjaMonkey","MonkeyVillage","EngineerMonkey"]}]}},"MaxGuilds":6,"Tickets":{"Start":4,"Max":4,"RefilInterval":"1.00:00:00","RefilCount":4,"GuildShareMax":30,"PurchasePerInterval":0,"GuildTicketAllowancePerRefilInterval":6},"GuildMaxSize":15,"StartNodes":[14,70007,71007,1014,10071007,10070007],"TileTypeScoring":{"Regular":{"Capture":20,"HoldInterval":"01:00:00","Hold":20,"HoldScoringPeriod":"1.00:00:00"},"Banner":{"Capture":40,"HoldInterval":"01:00:00","Hold":40,"HoldScoringPeriod":"1.00:00:00"},"Relic":{"Capture":10,"HoldInterval":"01:00:00","Hold":10,"HoldScoringPeriod":"1.00:00:00"}},"LeaderboardRewards":{"LocalTeams":[{"reward":"CTLeaderboardBadge:BlueDiamond,1,false,true#MonkeyMoney:500#TeamTrophy:1500#RandomPower:Best,1#RandomInstaMonkey:3,1","position":"1"},{"reward":"CTLeaderboardBadge:DoubleGold,1,false,true#MonkeyMoney:300#TeamTrophy:1000#RandomPower:Attack,1#RandomInstaMonkey:3,1","position":"2"},{"reward":"CTLeaderboardBadge:Silver,1,false,true#MonkeyMoney:150#TeamTrophy:500#RandomInstaMonkey:2,1","position":"3"},{"reward":"CTLeaderboardBadge:Bronze,1,false,true#MonkeyMoney:75#TeamTrophy:300#RandomInstaMonkey:1,1","position":"4"},{"reward":"MonkeyMoney:50#TeamTrophy:100","position":"5"},{"reward":"MonkeyMoney:25#TeamTrophy:50","position":"6"}],"LocalPlayers":[{"reward":"CTLeaderboardBadge:BlackDiamond,1,false,false#MonkeyMoney:500#TeamTrophy:1000#RandomPower:Best,1#RandomInstaMonkey:4,1","position":"1"},{"reward":"CTLeaderboardBadge:RedDiamond,1,false,false#MonkeyMoney:400#TeamTrophy:500#RandomPower:Best,1#RandomInstaMonkey:3,1","position":"2"},{"reward":"CTLeaderboardBadge:BlueDiamond,1,false,false#MonkeyMoney:300#TeamTrophy:250#RandomPower:Attack,1#RandomInstaMonkey:3,1","position":"3"},{"reward":"CTLeaderboardBadge:GoldDiamond,1,false,false#MonkeyMoney:200#TeamTrophy:150#RandomPower:Attack,1#RandomInstaMonkey:2,1","position":"10"},{"reward":"CTLeaderboardBadge:DoubleGold,1,false,false#MonkeyMoney:100#TeamTrophy:75#RandomInstaMonkey:2,1","position":"20"},{"reward":"CTLeaderboardBadge:Silver,1,false,false#MonkeyMoney:75#TeamTrophy:50#RandomInstaMonkey:1,1","position":"40"},{"reward":"CTLeaderboardBadge:Bronze,1,false,false#MonkeyMoney:50#TeamTrophy:25","position":"60"}],"GlobalTeams":[{"reward":"CTLeaderboardBadge:BlackDiamond,1,true,true#MonkeyMoney:1000#TeamTrophy:5000#RandomPower:Best,1#RandomInstaMonkey:5,1","position":"1"},{"reward":"CTLeaderboardBadge:RedDiamond,1,true,true#MonkeyMoney:900#TeamTrophy:4500#RandomPower:Best,1#RandomInstaMonkey:5,1","position":"2"},{"reward":"CTLeaderboardBadge:BlueDiamond,1,true,true#MonkeyMoney:800#TeamTrophy:4000#RandomPower:Attack,1#RandomInstaMonkey:5,1","position":"3"},{"reward":"CTLeaderboardBadge:GoldDiamond,1,true,true#MonkeyMoney:500#TeamTrophy:3000#RandomPower:Attack,1#RandomInstaMonkey:4,1","position":"25"},{"reward":"CTLeaderboardBadge:DoubleGold,1,true,true#MonkeyMoney:300#TeamTrophy:1500#RandomPower:Attack,1#RandomInstaMonkey:4,1","position":"100"},{"reward":"CTLeaderboardBadge:GoldSilver,1,true,true#MonkeyMoney:250#TeamTrophy:750#RandomPower:Attack,1#RandomInstaMonkey:3,1","position":"1%"},{"reward":"CTLeaderboardBadge:DoubleSilver,1,true,true#MonkeyMoney:200#TeamTrophy:400#RandomPower:Attack,1#RandomInstaMonkey:2,1","position":"10%"},{"reward":"CTLeaderboardBadge:Silver,1,true,true#MonkeyMoney:100#TeamTrophy:300#RandomPower:Attack,1#RandomInstaMonkey:1,1","position":"25%"},{"reward":"CTLeaderboardBadge:Bronze,1,true,true#MonkeyMoney:50#TeamTrophy:100#RandomPower:Attack,1","position":"75%"}],"GlobalPlayers":[{"reward":"CTLeaderboardBadge:BlueDiamond,1,true,false#MonkeyMoney:500#TeamTrophy:250#RandomInstaMonkey:4,1","position":"25"},{"reward":"CTLeaderboardBadge:GoldDiamond,1,true,false#MonkeyMoney:450#TeamTrophy:200#RandomInstaMonkey:4,1","position":"100"},{"reward":"CTLeaderboardBadge:DoubleGold,1,true,false#MonkeyMoney:400#TeamTrophy:150#RandomInstaMonkey:3,1","position":"1%"},{"reward":"CTLeaderboardBadge:GoldSilver,1,true,false#MonkeyMoney:300#TeamTrophy:100#RandomInstaMonkey:3,1","position":"10%"},{"reward":"CTLeaderboardBadge:DoubleSilver,1,true,false#MonkeyMoney:200#TeamTrophy:75#RandomInstaMonkey:2,1","position":"25%"},{"reward":"CTLeaderboardBadge:Silver,1,true,false#MonkeyMoney:100#TeamTrophy:50#RandomInstaMonkey:2,1","position":"50%"},{"reward":"CTLeaderboardBadge:Bronze,1,true,false#MonkeyMoney:50#TeamTrophy:25","position":"75%"}]},"BonusRewards":{"Interval":"1.00:00:00","TeamTrophies":[2,10,20,40,80,120,200],"PersonalTicketReward":"MonkeyMoney:100"},"TileScoreIncrements":{"Regular":{"DegradationIntervals":"01:00:00","DegradationMultipliers":[1,1,1,1,1,1.0514814,1.1057236,1.1628803,1.2231139,1.2865961,1.3535084,1.4240429,1.4984032,1.5768039,1.6594728,1.7466506,1.8385919,1.9355664,2.0378594,2.1457734,2.2596276,2.3797607,2.5065317,2.6403196,2.7815268,2.930579,3.087927,3.2540488,3.28,3.31,3.38,3.423333333,3.473333333,3.523333333,3.573333333,3.623333333,3.673333333,3.723333333,3.773333333,3.823333333,3.873333333,3.923333333,3.973333333,4.023333333,4.073333333,4.123333333,4.173333333,4.223333333,4.273333333,4.273333333,4.273333333,4.273333333,4.273333333,4.273333333,4.273333333,4.273333333,4.273333333,4.273333333,4.273333333,4.273333333,4.273333333,4.273333333,4.273333333,4.273333333,4.273333333,4.273333333,4.273333333,4.273333333,4.273333333,4.273333333,4.273333333,4.273333333,0]},"Relic":{"DegradationIntervals":"01:00:00","DegradationMultipliers":[1,1,1,1,1,1.0514814,1.1057236,1.1628803,1.2231139,1.2865961,1.3535084,1.4240429,1.4984032,1.5768039,1.6594728,1.7466506,1.8385919,1.9355664,2.0378594,2.1457734,2.2596276,2.3797607,2.5065317,2.6403196,2.7815268,2.930579,3.087927,3.2540488,3.28,3.31,3.38,3.423333333,3.473333333,3.523333333,3.573333333,3.623333333,3.673333333,3.723333333,3.773333333,3.823333333,3.873333333,3.923333333,3.973333333,4.023333333,4.073333333,4.123333333,4.173333333,4.223333333,4.273333333,4.273333333,4.273333333,4.273333333,4.273333333,4.273333333,4.273333333,4.273333333,4.273333333,4.273333333,4.273333333,4.273333333,4.273333333,4.273333333,4.273333333,4.273333333,4.273333333,4.273333333,4.273333333,4.273333333,4.273333333,4.273333333,4.273333333,4.273333333,0]},"Banner":{"DegradationIntervals":"01:00:00","DegradationMultipliers":[1,1,1,1,1,1.0514814,1.1057236,1.1628803,1.2231139,1.2865961,1.3535084,1.4240429,1.4984032,1.5768039,1.6594728,1.7466506,1.8385919,1.9355664,2.0378594,2.1457734,2.2596276,2.3797607,2.5065317,2.6403196,2.7815268,2.930579,3.087927,3.2540488,3.28,3.31,3.38,3.423333333,3.473333333,3.523333333,3.573333333,3.623333333,3.673333333,3.723333333,3.773333333,3.823333333,3.873333333,3.923333333,3.973333333,4.023333333,4.073333333,4.123333333,4.173333333,4.223333333,4.273333333,4.273333333,4.273333333,4.273333333,4.273333333,4.273333333,4.273333333,4.273333333,4.273333333,4.273333333,4.273333333,4.273333333,4.273333333,4.273333333,4.273333333,4.273333333,4.273333333,4.273333333,4.273333333,4.273333333,4.273333333,4.273333333,4.273333333,4.273333333,0]}},"Competitive":{"MinimumAccountAge":"00:00:00","MinimumAccountAgeHelp":"Only accounts that have existed for more than the specified time will be allowed to sign","SignupCooldown":"1.00:00:00","SignupCooldownHelp":"Time before the start of the event at which point sign up closes and teams are matchmaked","SignupPeriod":"6.00:00:00","SignupPeriodHelp":"Time before the start of the event at which point teams can start signing up for competitive. Servers will ignore values larger than 6 days."},"ElDoradoMultiplier":0.25,"GuildIdBlacklist":null,"RequiredForCompetitive":5}
}