{
   "SKU": {
      "id": "Bloonarius36_lert0y3h",
      "name": "Bloonarius36",
      "start": 1677916800000,
      "end": 1678330800000,
      "type": "bossBloon",
      "frequency": "single",
      "priority": 1,
      "rewards": [],
      "metadata": {
         "newsPanelBackground": "BossEventBannerBG_{{BOSS_TYPE}}_{{RES}}.jpg",
         "rewards": "default",
         "canStartUpTo": "01:00:00"
      },
      "description": "",
      "rewardType": "none",
      "icon": ""
   },
   "Data": "{\"normalDcm\":{\"towers\":[{\"tower\":\"Adora\",\"max\":99,\"path1NumBlockedTiers\":0,\"path2NumBlockedTiers\":0,\"path3NumBlockedTiers\":0,\"isHero\":true},{\"tower\":\"Quincy\",\"max\":1,\"path1NumBlockedTiers\":0,\"path2NumBlockedTiers\":0,\"path3NumBlockedTiers\":0,\"isHero\":true},{\"tower\":\"StrikerJones\",\"max\":1,\"path1NumBlockedTiers\":0,\"path2NumBlockedTiers\":0,\"path3NumBlockedTiers\":0,\"isHero\":true},{\"tower\":\"Alchemist\",\"max\":-1,\"path1NumBlockedTiers\":0,\"path2NumBlockedTiers\":0,\"path3NumBlockedTiers\":0,\"isHero\":false},{\"tower\":\"ChosenPrimaryHero\",\"max\":0,\"path1NumBlockedTiers\":0,\"path2NumBlockedTiers\":0,\"path3NumBlockedTiers\":0,\"isHero\":true},{\"tower\":\"BananaFarm\",\"max\":-1,\"path1NumBlockedTiers\":0,\"path2NumBlockedTiers\":0,\"path3NumBlockedTiers\":0,\"isHero\":false},{\"tower\":\"BombShooter\",\"max\":-1,\"path1NumBlockedTiers\":0,\"path2NumBlockedTiers\":0,\"path3NumBlockedTiers\":0,\"isHero\":false},{\"tower\":\"Gwendolin\",\"max\":0,\"path1NumBlockedTiers\":0,\"path2NumBlockedTiers\":0,\"path3NumBlockedTiers\":0,\"isHero\":true},{\"tower\":\"BoomerangMonkey\",\"max\":-1,\"path1NumBlockedTiers\":0,\"path2NumBlockedTiers\":0,\"path3NumBlockedTiers\":0,\"isHero\":false},{\"tower\":\"DartMonkey\",\"max\":-1,\"path1NumBlockedTiers\":0,\"path2NumBlockedTiers\":0,\"path3NumBlockedTiers\":0,\"isHero\":false},{\"tower\":\"ObynGreenfoot\",\"max\":0,\"path1NumBlockedTiers\":0,\"path2NumBlockedTiers\":0,\"path3NumBlockedTiers\":0,\"isHero\":true},{\"tower\":\"Druid\",\"max\":-1,\"path1NumBlockedTiers\":0,\"path2NumBlockedTiers\":0,\"path3NumBlockedTiers\":0,\"isHero\":false},{\"tower\":\"CaptainChurchill\",\"max\":0,\"path1NumBlockedTiers\":0,\"path2NumBlockedTiers\":0,\"path3NumBlockedTiers\":0,\"isHero\":true},{\"tower\":\"GlueGunner\",\"max\":-1,\"path1NumBlockedTiers\":0,\"path2NumBlockedTiers\":0,\"path3NumBlockedTiers\":0,\"isHero\":false},{\"tower\":\"Benjamin\",\"max\":0,\"path1NumBlockedTiers\":0,\"path2NumBlockedTiers\":0,\"path3NumBlockedTiers\":0,\"isHero\":true},{\"tower\":\"HeliPilot\",\"max\":-1,\"path1NumBlockedTiers\":0,\"path2NumBlockedTiers\":0,\"path3NumBlockedTiers\":0,\"isHero\":false},{\"tower\":\"Ezili\",\"max\":0,\"path1NumBlockedTiers\":0,\"path2NumBlockedTiers\":0,\"path3NumBlockedTiers\":0,\"isHero\":true},{\"tower\":\"IceMonkey\",\"max\":-1,\"path1NumBlockedTiers\":0,\"path2NumBlockedTiers\":0,\"path3NumBlockedTiers\":0,\"isHero\":false},{\"tower\":\"PatFusty\",\"max\":0,\"path1NumBlockedTiers\":0,\"path2NumBlockedTiers\":0,\"path3NumBlockedTiers\":0,\"isHero\":true},{\"tower\":\"MonkeyAce\",\"max\":-1,\"path1NumBlockedTiers\":0,\"path2NumBlockedTiers\":0,\"path3NumBlockedTiers\":0,\"isHero\":false},{\"tower\":\"MonkeyBuccaneer\",\"max\":0,\"path1NumBlockedTiers\":0,\"path2NumBlockedTiers\":0,\"path3NumBlockedTiers\":0,\"isHero\":false},{\"tower\":\"AdmiralBrickell\",\"max\":0,\"path1NumBlockedTiers\":0,\"path2NumBlockedTiers\":0,\"path3NumBlockedTiers\":0,\"isHero\":true},{\"tower\":\"MonkeySub\",\"max\":0,\"path1NumBlockedTiers\":0,\"path2NumBlockedTiers\":0,\"path3NumBlockedTiers\":0,\"isHero\":false},{\"tower\":\"Etienne\",\"max\":0,\"path1NumBlockedTiers\":0,\"path2NumBlockedTiers\":0,\"path3NumBlockedTiers\":0,\"isHero\":true},{\"tower\":\"MonkeyVillage\",\"max\":-1,\"path1NumBlockedTiers\":0,\"path2NumBlockedTiers\":0,\"path3NumBlockedTiers\":0,\"isHero\":false},{\"tower\":\"Sauda\",\"max\":0,\"path1NumBlockedTiers\":0,\"path2NumBlockedTiers\":0,\"path3NumBlockedTiers\":0,\"isHero\":true},{\"tower\":\"NinjaMonkey\",\"max\":-1,\"path1NumBlockedTiers\":0,\"path2NumBlockedTiers\":0,\"path3NumBlockedTiers\":0,\"isHero\":false},{\"tower\":\"Psi\",\"max\":0,\"path1NumBlockedTiers\":0,\"path2NumBlockedTiers\":0,\"path3NumBlockedTiers\":0,\"isHero\":true},{\"tower\":\"SniperMonkey\",\"max\":-1,\"path1NumBlockedTiers\":0,\"path2NumBlockedTiers\":0,\"path3NumBlockedTiers\":0,\"isHero\":false},{\"tower\":\"Geraldo\",\"max\":0,\"path1NumBlockedTiers\":0,\"path2NumBlockedTiers\":0,\"path3NumBlockedTiers\":0,\"isHero\":true},{\"tower\":\"SpikeFactory\",\"max\":-1,\"path1NumBlockedTiers\":0,\"path2NumBlockedTiers\":0,\"path3NumBlockedTiers\":0,\"isHero\":false},{\"tower\":\"SuperMonkey\",\"max\":-1,\"path1NumBlockedTiers\":0,\"path2NumBlockedTiers\":0,\"path3NumBlockedTiers\":0,\"isHero\":false},{\"tower\":\"TackShooter\",\"max\":-1,\"path1NumBlockedTiers\":0,\"path2NumBlockedTiers\":0,\"path3NumBlockedTiers\":0,\"isHero\":false},{\"tower\":\"WizardMonkey\",\"max\":-1,\"path1NumBlockedTiers\":0,\"path2NumBlockedTiers\":0,\"path3NumBlockedTiers\":0,\"isHero\":false},{\"tower\":\"MortarMonkey\",\"max\":-1,\"path1NumBlockedTiers\":0,\"path2NumBlockedTiers\":0,\"path3NumBlockedTiers\":0,\"isHero\":false},{\"tower\":\"EngineerMonkey\",\"max\":-1,\"path1NumBlockedTiers\":0,\"path2NumBlockedTiers\":0,\"path3NumBlockedTiers\":0,\"isHero\":false},{\"tower\":\"DartlingGunner\",\"max\":-1,\"path1NumBlockedTiers\":0,\"path2NumBlockedTiers\":0,\"path3NumBlockedTiers\":0,\"isHero\":false}],\"map\":\"Cornfield\",\"difficulty\":\"Medium\",\"rewards\":\"\",\"mode\":\"Standard\",\"id\":86,\"maxTowers\":-1,\"seed\":1,\"bloonModifiers\":{\"speedMultiplier\":1.1,\"moabSpeedMultiplier\":1,\"bossSpeedMultiplier\":1.5,\"regrowRateMultiplier\":1,\"healthMultipliers\":{\"bloons\":1,\"moabs\":0.75,\"boss\":0.5},\"allCamo\":false,\"allRegen\":false},\"disableMK\":false,\"startRules\":{\"lives\":100,\"cash\":5500,\"round\":20,\"maxLives\":-1,\"endRound\":140},\"name\":\"Bloonarius36\",\"displayIncludedTowers\":false,\"disableSelling\":false,\"disablePowers\":false,\"noContinues\":false,\"noInstaReward\":false,\"removeableCostMultiplier\":0.5,\"abilityCooldownReductionMultiplier\":1,\"leastCashUsed\":-1,\"leastTiersUsed\":-1,\"roundSets\":[\"bloonarius\"],\"maxParagons\":4},\"eliteDcm\":{\"towers\":[{\"tower\":\"Adora\",\"max\":99,\"path1NumBlockedTiers\":0,\"path2NumBlockedTiers\":0,\"path3NumBlockedTiers\":0,\"isHero\":true},{\"tower\":\"Quincy\",\"max\":1,\"path1NumBlockedTiers\":0,\"path2NumBlockedTiers\":0,\"path3NumBlockedTiers\":0,\"isHero\":true},{\"tower\":\"StrikerJones\",\"max\":1,\"path1NumBlockedTiers\":0,\"path2NumBlockedTiers\":0,\"path3NumBlockedTiers\":0,\"isHero\":true},{\"tower\":\"Alchemist\",\"max\":-1,\"path1NumBlockedTiers\":0,\"path2NumBlockedTiers\":0,\"path3NumBlockedTiers\":0,\"isHero\":false},{\"tower\":\"ChosenPrimaryHero\",\"max\":0,\"path1NumBlockedTiers\":0,\"path2NumBlockedTiers\":0,\"path3NumBlockedTiers\":0,\"isHero\":true},{\"tower\":\"BananaFarm\",\"max\":-1,\"path1NumBlockedTiers\":0,\"path2NumBlockedTiers\":0,\"path3NumBlockedTiers\":0,\"isHero\":false},{\"tower\":\"BombShooter\",\"max\":-1,\"path1NumBlockedTiers\":0,\"path2NumBlockedTiers\":0,\"path3NumBlockedTiers\":0,\"isHero\":false},{\"tower\":\"Gwendolin\",\"max\":0,\"path1NumBlockedTiers\":0,\"path2NumBlockedTiers\":0,\"path3NumBlockedTiers\":0,\"isHero\":true},{\"tower\":\"BoomerangMonkey\",\"max\":-1,\"path1NumBlockedTiers\":0,\"path2NumBlockedTiers\":0,\"path3NumBlockedTiers\":0,\"isHero\":false},{\"tower\":\"DartMonkey\",\"max\":-1,\"path1NumBlockedTiers\":0,\"path2NumBlockedTiers\":0,\"path3NumBlockedTiers\":0,\"isHero\":false},{\"tower\":\"ObynGreenfoot\",\"max\":0,\"path1NumBlockedTiers\":0,\"path2NumBlockedTiers\":0,\"path3NumBlockedTiers\":0,\"isHero\":true},{\"tower\":\"Druid\",\"max\":-1,\"path1NumBlockedTiers\":0,\"path2NumBlockedTiers\":0,\"path3NumBlockedTiers\":0,\"isHero\":false},{\"tower\":\"CaptainChurchill\",\"max\":0,\"path1NumBlockedTiers\":0,\"path2NumBlockedTiers\":0,\"path3NumBlockedTiers\":0,\"isHero\":true},{\"tower\":\"GlueGunner\",\"max\":-1,\"path1NumBlockedTiers\":0,\"path2NumBlockedTiers\":0,\"path3NumBlockedTiers\":0,\"isHero\":false},{\"tower\":\"Benjamin\",\"max\":0,\"path1NumBlockedTiers\":0,\"path2NumBlockedTiers\":0,\"path3NumBlockedTiers\":0,\"isHero\":true},{\"tower\":\"HeliPilot\",\"max\":-1,\"path1NumBlockedTiers\":0,\"path2NumBlockedTiers\":0,\"path3NumBlockedTiers\":0,\"isHero\":false},{\"tower\":\"Ezili\",\"max\":0,\"path1NumBlockedTiers\":0,\"path2NumBlockedTiers\":0,\"path3NumBlockedTiers\":0,\"isHero\":true},{\"tower\":\"IceMonkey\",\"max\":-1,\"path1NumBlockedTiers\":0,\"path2NumBlockedTiers\":0,\"path3NumBlockedTiers\":0,\"isHero\":false},{\"tower\":\"PatFusty\",\"max\":0,\"path1NumBlockedTiers\":0,\"path2NumBlockedTiers\":0,\"path3NumBlockedTiers\":0,\"isHero\":true},{\"tower\":\"MonkeyAce\",\"max\":-1,\"path1NumBlockedTiers\":0,\"path2NumBlockedTiers\":0,\"path3NumBlockedTiers\":0,\"isHero\":false},{\"tower\":\"MonkeyBuccaneer\",\"max\":0,\"path1NumBlockedTiers\":0,\"path2NumBlockedTiers\":0,\"path3NumBlockedTiers\":0,\"isHero\":false},{\"tower\":\"AdmiralBrickell\",\"max\":0,\"path1NumBlockedTiers\":0,\"path2NumBlockedTiers\":0,\"path3NumBlockedTiers\":0,\"isHero\":true},{\"tower\":\"MonkeySub\",\"max\":0,\"path1NumBlockedTiers\":0,\"path2NumBlockedTiers\":0,\"path3NumBlockedTiers\":0,\"isHero\":false},{\"tower\":\"Etienne\",\"max\":0,\"path1NumBlockedTiers\":0,\"path2NumBlockedTiers\":0,\"path3NumBlockedTiers\":0,\"isHero\":true},{\"tower\":\"MonkeyVillage\",\"max\":-1,\"path1NumBlockedTiers\":0,\"path2NumBlockedTiers\":0,\"path3NumBlockedTiers\":0,\"isHero\":false},{\"tower\":\"Sauda\",\"max\":0,\"path1NumBlockedTiers\":0,\"path2NumBlockedTiers\":0,\"path3NumBlockedTiers\":0,\"isHero\":true},{\"tower\":\"NinjaMonkey\",\"max\":-1,\"path1NumBlockedTiers\":0,\"path2NumBlockedTiers\":0,\"path3NumBlockedTiers\":0,\"isHero\":false},{\"tower\":\"Psi\",\"max\":0,\"path1NumBlockedTiers\":0,\"path2NumBlockedTiers\":0,\"path3NumBlockedTiers\":0,\"isHero\":true},{\"tower\":\"SniperMonkey\",\"max\":-1,\"path1NumBlockedTiers\":0,\"path2NumBlockedTiers\":0,\"path3NumBlockedTiers\":0,\"isHero\":false},{\"tower\":\"Geraldo\",\"max\":0,\"path1NumBlockedTiers\":0,\"path2NumBlockedTiers\":0,\"path3NumBlockedTiers\":0,\"isHero\":true},{\"tower\":\"SpikeFactory\",\"max\":-1,\"path1NumBlockedTiers\":0,\"path2NumBlockedTiers\":0,\"path3NumBlockedTiers\":0,\"isHero\":false},{\"tower\":\"SuperMonkey\",\"max\":-1,\"path1NumBlockedTiers\":0,\"path2NumBlockedTiers\":0,\"path3NumBlockedTiers\":0,\"isHero\":false},{\"tower\":\"TackShooter\",\"max\":-1,\"path1NumBlockedTiers\":0,\"path2NumBlockedTiers\":0,\"path3NumBlockedTiers\":0,\"isHero\":false},{\"tower\":\"WizardMonkey\",\"max\":-1,\"path1NumBlockedTiers\":0,\"path2NumBlockedTiers\":0,\"path3NumBlockedTiers\":0,\"isHero\":false},{\"tower\":\"MortarMonkey\",\"max\":-1,\"path1NumBlockedTiers\":0,\"path2NumBlockedTiers\":0,\"path3NumBlockedTiers\":0,\"isHero\":false},{\"tower\":\"EngineerMonkey\",\"max\":-1,\"path1NumBlockedTiers\":0,\"path2NumBlockedTiers\":0,\"path3NumBlockedTiers\":0,\"isHero\":false},{\"tower\":\"DartlingGunner\",\"max\":-1,\"path1NumBlockedTiers\":0,\"path2NumBlockedTiers\":0,\"path3NumBlockedTiers\":0,\"isHero\":false}],\"map\":\"Cornfield\",\"difficulty\":\"Medium\",\"rewards\":\"\",\"mode\":\"Standard\",\"id\":0,\"maxTowers\":-1,\"seed\":1,\"bloonModifiers\":{\"speedMultiplier\":1.1,\"moabSpeedMultiplier\":1,\"bossSpeedMultiplier\":1.5,\"regrowRateMultiplier\":1,\"healthMultipliers\":{\"bloons\":1,\"moabs\":0.75,\"boss\":0.5},\"allCamo\":false,\"allRegen\":false},\"disableMK\":false,\"startRules\":{\"lives\":50,\"cash\":5500,\"round\":20,\"maxLives\":-1,\"endRound\":140},\"name\":\"\",\"displayIncludedTowers\":false,\"disableSelling\":false,\"disablePowers\":false,\"noContinues\":false,\"noInstaReward\":false,\"removeableCostMultiplier\":0.5,\"abilityCooldownReductionMultiplier\":1,\"leastCashUsed\":-1,\"leastTiersUsed\":-1,\"roundSets\":[\"bloonarius\"],\"maxParagons\":4},\"bossType\":\"bloonarius\"}"
}