{
   "SKU": {
      "id": "Lych27_lcty0bt3",
      "name": "Lych27",
      "start": 1673683200000,
      "end": 1674097200000,
      "type": "bossBloon",
      "frequency": "single",
      "priority": 1,
      "rewards": [],
      "metadata": {
         "newsPanelBackground": "BossEventBannerBG_{{BOSS_TYPE}}_{{RES}}.jpg",
         "rewards": "default",
         "canStartUpTo": "01:00:00"
      },
      "description": "",
      "rewardType": "none",
      "icon": ""
   },
   "Data": "{\"normalDcm\":{\"towers\":[{\"tower\":\"Quincy\",\"max\":99,\"path1NumBlockedTiers\":0,\"path2NumBlockedTiers\":0,\"path3NumBlockedTiers\":0,\"isHero\":true},{\"tower\":\"Gwendolin\",\"max\":1,\"path1NumBlockedTiers\":0,\"path2NumBlockedTiers\":0,\"path3NumBlockedTiers\":0,\"isHero\":true},{\"tower\":\"StrikerJones\",\"max\":1,\"path1NumBlockedTiers\":0,\"path2NumBlockedTiers\":0,\"path3NumBlockedTiers\":0,\"isHero\":true},{\"tower\":\"Sauda\",\"max\":1,\"path1NumBlockedTiers\":0,\"path2NumBlockedTiers\":0,\"path3NumBlockedTiers\":0,\"isHero\":true},{\"tower\":\"CaptainChurchill\",\"max\":1,\"path1NumBlockedTiers\":0,\"path2NumBlockedTiers\":0,\"path3NumBlockedTiers\":0,\"isHero\":true},{\"tower\":\"Psi\",\"max\":1,\"path1NumBlockedTiers\":0,\"path2NumBlockedTiers\":0,\"path3NumBlockedTiers\":0,\"isHero\":true},{\"tower\":\"Ezili\",\"max\":1,\"path1NumBlockedTiers\":0,\"path2NumBlockedTiers\":0,\"path3NumBlockedTiers\":0,\"isHero\":true},{\"tower\":\"PatFusty\",\"max\":1,\"path1NumBlockedTiers\":0,\"path2NumBlockedTiers\":0,\"path3NumBlockedTiers\":0,\"isHero\":true},{\"tower\":\"Alchemist\",\"max\":-1,\"path1NumBlockedTiers\":0,\"path2NumBlockedTiers\":0,\"path3NumBlockedTiers\":0,\"isHero\":false},{\"tower\":\"ChosenPrimaryHero\",\"max\":0,\"path1NumBlockedTiers\":0,\"path2NumBlockedTiers\":0,\"path3NumBlockedTiers\":0,\"isHero\":true},{\"tower\":\"BananaFarm\",\"max\":3,\"path1NumBlockedTiers\":0,\"path2NumBlockedTiers\":0,\"path3NumBlockedTiers\":0,\"isHero\":false},{\"tower\":\"BombShooter\",\"max\":-1,\"path1NumBlockedTiers\":0,\"path2NumBlockedTiers\":1,\"path3NumBlockedTiers\":0,\"isHero\":false},{\"tower\":\"BoomerangMonkey\",\"max\":-1,\"path1NumBlockedTiers\":0,\"path2NumBlockedTiers\":0,\"path3NumBlockedTiers\":0,\"isHero\":false},{\"tower\":\"DartMonkey\",\"max\":-1,\"path1NumBlockedTiers\":0,\"path2NumBlockedTiers\":0,\"path3NumBlockedTiers\":0,\"isHero\":false},{\"tower\":\"ObynGreenfoot\",\"max\":0,\"path1NumBlockedTiers\":0,\"path2NumBlockedTiers\":0,\"path3NumBlockedTiers\":0,\"isHero\":true},{\"tower\":\"Druid\",\"max\":3,\"path1NumBlockedTiers\":0,\"path2NumBlockedTiers\":0,\"path3NumBlockedTiers\":0,\"isHero\":false},{\"tower\":\"GlueGunner\",\"max\":-1,\"path1NumBlockedTiers\":0,\"path2NumBlockedTiers\":0,\"path3NumBlockedTiers\":0,\"isHero\":false},{\"tower\":\"Benjamin\",\"max\":0,\"path1NumBlockedTiers\":0,\"path2NumBlockedTiers\":0,\"path3NumBlockedTiers\":0,\"isHero\":true},{\"tower\":\"HeliPilot\",\"max\":3,\"path1NumBlockedTiers\":0,\"path2NumBlockedTiers\":0,\"path3NumBlockedTiers\":0,\"isHero\":false},{\"tower\":\"IceMonkey\",\"max\":-1,\"path1NumBlockedTiers\":0,\"path2NumBlockedTiers\":0,\"path3NumBlockedTiers\":0,\"isHero\":false},{\"tower\":\"MonkeyAce\",\"max\":-1,\"path1NumBlockedTiers\":0,\"path2NumBlockedTiers\":0,\"path3NumBlockedTiers\":0,\"isHero\":false},{\"tower\":\"Adora\",\"max\":0,\"path1NumBlockedTiers\":0,\"path2NumBlockedTiers\":0,\"path3NumBlockedTiers\":0,\"isHero\":true},{\"tower\":\"MonkeyBuccaneer\",\"max\":-1,\"path1NumBlockedTiers\":0,\"path2NumBlockedTiers\":0,\"path3NumBlockedTiers\":0,\"isHero\":false},{\"tower\":\"AdmiralBrickell\",\"max\":0,\"path1NumBlockedTiers\":0,\"path2NumBlockedTiers\":0,\"path3NumBlockedTiers\":0,\"isHero\":true},{\"tower\":\"MonkeySub\",\"max\":-1,\"path1NumBlockedTiers\":0,\"path2NumBlockedTiers\":0,\"path3NumBlockedTiers\":0,\"isHero\":false},{\"tower\":\"Etienne\",\"max\":0,\"path1NumBlockedTiers\":0,\"path2NumBlockedTiers\":0,\"path3NumBlockedTiers\":0,\"isHero\":true},{\"tower\":\"MonkeyVillage\",\"max\":-1,\"path1NumBlockedTiers\":0,\"path2NumBlockedTiers\":0,\"path3NumBlockedTiers\":0,\"isHero\":false},{\"tower\":\"NinjaMonkey\",\"max\":-1,\"path1NumBlockedTiers\":0,\"path2NumBlockedTiers\":0,\"path3NumBlockedTiers\":0,\"isHero\":false},{\"tower\":\"SniperMonkey\",\"max\":3,\"path1NumBlockedTiers\":0,\"path2NumBlockedTiers\":0,\"path3NumBlockedTiers\":0,\"isHero\":false},{\"tower\":\"Geraldo\",\"max\":0,\"path1NumBlockedTiers\":0,\"path2NumBlockedTiers\":0,\"path3NumBlockedTiers\":0,\"isHero\":true},{\"tower\":\"SpikeFactory\",\"max\":0,\"path1NumBlockedTiers\":0,\"path2NumBlockedTiers\":0,\"path3NumBlockedTiers\":0,\"isHero\":false},{\"tower\":\"SuperMonkey\",\"max\":-1,\"path1NumBlockedTiers\":0,\"path2NumBlockedTiers\":0,\"path3NumBlockedTiers\":0,\"isHero\":false},{\"tower\":\"TackShooter\",\"max\":-1,\"path1NumBlockedTiers\":0,\"path2NumBlockedTiers\":0,\"path3NumBlockedTiers\":3,\"isHero\":false},{\"tower\":\"WizardMonkey\",\"max\":-1,\"path1NumBlockedTiers\":0,\"path2NumBlockedTiers\":0,\"path3NumBlockedTiers\":0,\"isHero\":false},{\"tower\":\"MortarMonkey\",\"max\":-1,\"path1NumBlockedTiers\":0,\"path2NumBlockedTiers\":0,\"path3NumBlockedTiers\":0,\"isHero\":false},{\"tower\":\"EngineerMonkey\",\"max\":3,\"path1NumBlockedTiers\":0,\"path2NumBlockedTiers\":0,\"path3NumBlockedTiers\":0,\"isHero\":false},{\"tower\":\"DartlingGunner\",\"max\":-1,\"path1NumBlockedTiers\":0,\"path2NumBlockedTiers\":0,\"path3NumBlockedTiers\":0,\"isHero\":false}],\"map\":\"TreeStump\",\"difficulty\":\"Medium\",\"rewards\":\"\",\"mode\":\"Standard\",\"id\":0,\"maxTowers\":-1,\"seed\":1,\"bloonModifiers\":{\"speedMultiplier\":1,\"moabSpeedMultiplier\":1,\"bossSpeedMultiplier\":2,\"regrowRateMultiplier\":1,\"healthMultipliers\":{\"bloons\":1,\"moabs\":1,\"boss\":0.5},\"allCamo\":false,\"allRegen\":false},\"disableMK\":false,\"startRules\":{\"lives\":200,\"cash\":750,\"round\":1,\"maxLives\":-1,\"endRound\":140},\"name\":\"Lych27\",\"displayIncludedTowers\":true,\"disableSelling\":false,\"disablePowers\":false,\"noContinues\":false,\"noInstaReward\":false,\"removeableCostMultiplier\":1,\"abilityCooldownReductionMultiplier\":0.4,\"leastCashUsed\":-1,\"leastTiersUsed\":-1,\"roundSets\":[\"lych\"],\"maxParagons\":4},\"eliteDcm\":{\"towers\":[{\"tower\":\"Quincy\",\"max\":99,\"path1NumBlockedTiers\":0,\"path2NumBlockedTiers\":0,\"path3NumBlockedTiers\":0,\"isHero\":true},{\"tower\":\"Gwendolin\",\"max\":1,\"path1NumBlockedTiers\":0,\"path2NumBlockedTiers\":0,\"path3NumBlockedTiers\":0,\"isHero\":true},{\"tower\":\"StrikerJones\",\"max\":1,\"path1NumBlockedTiers\":0,\"path2NumBlockedTiers\":0,\"path3NumBlockedTiers\":0,\"isHero\":true},{\"tower\":\"Sauda\",\"max\":1,\"path1NumBlockedTiers\":0,\"path2NumBlockedTiers\":0,\"path3NumBlockedTiers\":0,\"isHero\":true},{\"tower\":\"CaptainChurchill\",\"max\":1,\"path1NumBlockedTiers\":0,\"path2NumBlockedTiers\":0,\"path3NumBlockedTiers\":0,\"isHero\":true},{\"tower\":\"Psi\",\"max\":1,\"path1NumBlockedTiers\":0,\"path2NumBlockedTiers\":0,\"path3NumBlockedTiers\":0,\"isHero\":true},{\"tower\":\"Ezili\",\"max\":1,\"path1NumBlockedTiers\":0,\"path2NumBlockedTiers\":0,\"path3NumBlockedTiers\":0,\"isHero\":true},{\"tower\":\"PatFusty\",\"max\":1,\"path1NumBlockedTiers\":0,\"path2NumBlockedTiers\":0,\"path3NumBlockedTiers\":0,\"isHero\":true},{\"tower\":\"Alchemist\",\"max\":-1,\"path1NumBlockedTiers\":0,\"path2NumBlockedTiers\":0,\"path3NumBlockedTiers\":0,\"isHero\":false},{\"tower\":\"ChosenPrimaryHero\",\"max\":0,\"path1NumBlockedTiers\":0,\"path2NumBlockedTiers\":0,\"path3NumBlockedTiers\":0,\"isHero\":true},{\"tower\":\"BananaFarm\",\"max\":6,\"path1NumBlockedTiers\":0,\"path2NumBlockedTiers\":0,\"path3NumBlockedTiers\":0,\"isHero\":false},{\"tower\":\"BombShooter\",\"max\":-1,\"path1NumBlockedTiers\":0,\"path2NumBlockedTiers\":1,\"path3NumBlockedTiers\":0,\"isHero\":false},{\"tower\":\"BoomerangMonkey\",\"max\":-1,\"path1NumBlockedTiers\":0,\"path2NumBlockedTiers\":0,\"path3NumBlockedTiers\":0,\"isHero\":false},{\"tower\":\"DartMonkey\",\"max\":-1,\"path1NumBlockedTiers\":0,\"path2NumBlockedTiers\":0,\"path3NumBlockedTiers\":0,\"isHero\":false},{\"tower\":\"ObynGreenfoot\",\"max\":0,\"path1NumBlockedTiers\":0,\"path2NumBlockedTiers\":0,\"path3NumBlockedTiers\":0,\"isHero\":true},{\"tower\":\"Druid\",\"max\":6,\"path1NumBlockedTiers\":0,\"path2NumBlockedTiers\":0,\"path3NumBlockedTiers\":0,\"isHero\":false},{\"tower\":\"GlueGunner\",\"max\":-1,\"path1NumBlockedTiers\":0,\"path2NumBlockedTiers\":0,\"path3NumBlockedTiers\":0,\"isHero\":false},{\"tower\":\"Benjamin\",\"max\":0,\"path1NumBlockedTiers\":0,\"path2NumBlockedTiers\":0,\"path3NumBlockedTiers\":0,\"isHero\":true},{\"tower\":\"HeliPilot\",\"max\":6,\"path1NumBlockedTiers\":0,\"path2NumBlockedTiers\":0,\"path3NumBlockedTiers\":0,\"isHero\":false},{\"tower\":\"IceMonkey\",\"max\":-1,\"path1NumBlockedTiers\":0,\"path2NumBlockedTiers\":0,\"path3NumBlockedTiers\":0,\"isHero\":false},{\"tower\":\"MonkeyAce\",\"max\":-1,\"path1NumBlockedTiers\":0,\"path2NumBlockedTiers\":0,\"path3NumBlockedTiers\":0,\"isHero\":false},{\"tower\":\"Adora\",\"max\":0,\"path1NumBlockedTiers\":0,\"path2NumBlockedTiers\":0,\"path3NumBlockedTiers\":0,\"isHero\":true},{\"tower\":\"MonkeyBuccaneer\",\"max\":-1,\"path1NumBlockedTiers\":0,\"path2NumBlockedTiers\":0,\"path3NumBlockedTiers\":0,\"isHero\":false},{\"tower\":\"AdmiralBrickell\",\"max\":0,\"path1NumBlockedTiers\":0,\"path2NumBlockedTiers\":0,\"path3NumBlockedTiers\":0,\"isHero\":true},{\"tower\":\"MonkeySub\",\"max\":-1,\"path1NumBlockedTiers\":0,\"path2NumBlockedTiers\":0,\"path3NumBlockedTiers\":0,\"isHero\":false},{\"tower\":\"Etienne\",\"max\":0,\"path1NumBlockedTiers\":0,\"path2NumBlockedTiers\":0,\"path3NumBlockedTiers\":0,\"isHero\":true},{\"tower\":\"MonkeyVillage\",\"max\":-1,\"path1NumBlockedTiers\":0,\"path2NumBlockedTiers\":0,\"path3NumBlockedTiers\":0,\"isHero\":false},{\"tower\":\"NinjaMonkey\",\"max\":-1,\"path1NumBlockedTiers\":0,\"path2NumBlockedTiers\":0,\"path3NumBlockedTiers\":0,\"isHero\":false},{\"tower\":\"SniperMonkey\",\"max\":6,\"path1NumBlockedTiers\":0,\"path2NumBlockedTiers\":0,\"path3NumBlockedTiers\":0,\"isHero\":false},{\"tower\":\"Geraldo\",\"max\":0,\"path1NumBlockedTiers\":0,\"path2NumBlockedTiers\":0,\"path3NumBlockedTiers\":0,\"isHero\":true},{\"tower\":\"SpikeFactory\",\"max\":0,\"path1NumBlockedTiers\":0,\"path2NumBlockedTiers\":0,\"path3NumBlockedTiers\":0,\"isHero\":false},{\"tower\":\"SuperMonkey\",\"max\":-1,\"path1NumBlockedTiers\":0,\"path2NumBlockedTiers\":0,\"path3NumBlockedTiers\":0,\"isHero\":false},{\"tower\":\"TackShooter\",\"max\":-1,\"path1NumBlockedTiers\":0,\"path2NumBlockedTiers\":0,\"path3NumBlockedTiers\":3,\"isHero\":false},{\"tower\":\"WizardMonkey\",\"max\":-1,\"path1NumBlockedTiers\":0,\"path2NumBlockedTiers\":0,\"path3NumBlockedTiers\":0,\"isHero\":false},{\"tower\":\"MortarMonkey\",\"max\":-1,\"path1NumBlockedTiers\":0,\"path2NumBlockedTiers\":0,\"path3NumBlockedTiers\":0,\"isHero\":false},{\"tower\":\"EngineerMonkey\",\"max\":6,\"path1NumBlockedTiers\":0,\"path2NumBlockedTiers\":0,\"path3NumBlockedTiers\":0,\"isHero\":false},{\"tower\":\"DartlingGunner\",\"max\":-1,\"path1NumBlockedTiers\":0,\"path2NumBlockedTiers\":0,\"path3NumBlockedTiers\":0,\"isHero\":false}],\"map\":\"TreeStump\",\"difficulty\":\"Medium\",\"rewards\":\"\",\"mode\":\"Standard\",\"id\":0,\"maxTowers\":-1,\"seed\":1,\"bloonModifiers\":{\"speedMultiplier\":1,\"moabSpeedMultiplier\":1,\"bossSpeedMultiplier\":2,\"regrowRateMultiplier\":1,\"healthMultipliers\":{\"bloons\":1,\"moabs\":1,\"boss\":0.5},\"allCamo\":false,\"allRegen\":false},\"disableMK\":false,\"startRules\":{\"lives\":100,\"cash\":750,\"round\":1,\"maxLives\":-1,\"endRound\":140},\"name\":\"\",\"displayIncludedTowers\":true,\"disableSelling\":false,\"disablePowers\":false,\"noContinues\":false,\"noInstaReward\":false,\"removeableCostMultiplier\":1,\"abilityCooldownReductionMultiplier\":0.4,\"leastCashUsed\":-1,\"leastTiersUsed\":-1,\"roundSets\":[\"lych\"],\"maxParagons\":4},\"bossType\":\"lych\"}"
}