{
   "SKU": {
      "id": "Lych29_lf1s5vz4",
      "name": "Lych29",
      "start": 1678521600000,
      "end": 1678935600000,
      "type": "bossBloon",
      "frequency": "single",
      "priority": 1,
      "rewards": [],
      "metadata": {
         "newsPanelBackground": "BossEventBannerBG_{{BOSS_TYPE}}_{{RES}}.jpg",
         "rewards": "default",
         "canStartUpTo": "01:00:00"
      },
      "description": "",
      "rewardType": "none",
      "icon": ""
   },
   "Data": "{\"normalDcm\":{\"towers\":[{\"tower\":\"Ezili\",\"max\":99,\"path1NumBlockedTiers\":0,\"path2NumBlockedTiers\":0,\"path3NumBlockedTiers\":0,\"isHero\":true},{\"tower\":\"ObynGreenfoot\",\"max\":1,\"path1NumBlockedTiers\":0,\"path2NumBlockedTiers\":0,\"path3NumBlockedTiers\":0,\"isHero\":true},{\"tower\":\"Alchemist\",\"max\":-1,\"path1NumBlockedTiers\":0,\"path2NumBlockedTiers\":0,\"path3NumBlockedTiers\":0,\"isHero\":false},{\"tower\":\"ChosenPrimaryHero\",\"max\":0,\"path1NumBlockedTiers\":0,\"path2NumBlockedTiers\":0,\"path3NumBlockedTiers\":0,\"isHero\":true},{\"tower\":\"BananaFarm\",\"max\":-1,\"path1NumBlockedTiers\":0,\"path2NumBlockedTiers\":0,\"path3NumBlockedTiers\":0,\"isHero\":false},{\"tower\":\"Quincy\",\"max\":0,\"path1NumBlockedTiers\":0,\"path2NumBlockedTiers\":0,\"path3NumBlockedTiers\":0,\"isHero\":true},{\"tower\":\"BombShooter\",\"max\":-1,\"path1NumBlockedTiers\":0,\"path2NumBlockedTiers\":0,\"path3NumBlockedTiers\":0,\"isHero\":false},{\"tower\":\"Gwendolin\",\"max\":0,\"path1NumBlockedTiers\":0,\"path2NumBlockedTiers\":0,\"path3NumBlockedTiers\":0,\"isHero\":true},{\"tower\":\"BoomerangMonkey\",\"max\":-1,\"path1NumBlockedTiers\":0,\"path2NumBlockedTiers\":0,\"path3NumBlockedTiers\":0,\"isHero\":false},{\"tower\":\"StrikerJones\",\"max\":0,\"path1NumBlockedTiers\":0,\"path2NumBlockedTiers\":0,\"path3NumBlockedTiers\":0,\"isHero\":true},{\"tower\":\"DartMonkey\",\"max\":-1,\"path1NumBlockedTiers\":0,\"path2NumBlockedTiers\":0,\"path3NumBlockedTiers\":0,\"isHero\":false},{\"tower\":\"Druid\",\"max\":-1,\"path1NumBlockedTiers\":0,\"path2NumBlockedTiers\":0,\"path3NumBlockedTiers\":0,\"isHero\":false},{\"tower\":\"CaptainChurchill\",\"max\":0,\"path1NumBlockedTiers\":0,\"path2NumBlockedTiers\":0,\"path3NumBlockedTiers\":0,\"isHero\":true},{\"tower\":\"GlueGunner\",\"max\":-1,\"path1NumBlockedTiers\":0,\"path2NumBlockedTiers\":0,\"path3NumBlockedTiers\":0,\"isHero\":false},{\"tower\":\"Benjamin\",\"max\":0,\"path1NumBlockedTiers\":0,\"path2NumBlockedTiers\":0,\"path3NumBlockedTiers\":0,\"isHero\":true},{\"tower\":\"HeliPilot\",\"max\":-1,\"path1NumBlockedTiers\":0,\"path2NumBlockedTiers\":0,\"path3NumBlockedTiers\":0,\"isHero\":false},{\"tower\":\"IceMonkey\",\"max\":-1,\"path1NumBlockedTiers\":0,\"path2NumBlockedTiers\":0,\"path3NumBlockedTiers\":0,\"isHero\":false},{\"tower\":\"PatFusty\",\"max\":0,\"path1NumBlockedTiers\":0,\"path2NumBlockedTiers\":0,\"path3NumBlockedTiers\":0,\"isHero\":true},{\"tower\":\"MonkeyAce\",\"max\":-1,\"path1NumBlockedTiers\":0,\"path2NumBlockedTiers\":0,\"path3NumBlockedTiers\":0,\"isHero\":false},{\"tower\":\"Adora\",\"max\":0,\"path1NumBlockedTiers\":0,\"path2NumBlockedTiers\":0,\"path3NumBlockedTiers\":0,\"isHero\":true},{\"tower\":\"MonkeyBuccaneer\",\"max\":-1,\"path1NumBlockedTiers\":0,\"path2NumBlockedTiers\":0,\"path3NumBlockedTiers\":0,\"isHero\":false},{\"tower\":\"AdmiralBrickell\",\"max\":0,\"path1NumBlockedTiers\":0,\"path2NumBlockedTiers\":0,\"path3NumBlockedTiers\":0,\"isHero\":true},{\"tower\":\"MonkeySub\",\"max\":-1,\"path1NumBlockedTiers\":0,\"path2NumBlockedTiers\":0,\"path3NumBlockedTiers\":0,\"isHero\":false},{\"tower\":\"Etienne\",\"max\":0,\"path1NumBlockedTiers\":0,\"path2NumBlockedTiers\":0,\"path3NumBlockedTiers\":0,\"isHero\":true},{\"tower\":\"MonkeyVillage\",\"max\":0,\"path1NumBlockedTiers\":0,\"path2NumBlockedTiers\":0,\"path3NumBlockedTiers\":0,\"isHero\":false},{\"tower\":\"Sauda\",\"max\":0,\"path1NumBlockedTiers\":0,\"path2NumBlockedTiers\":0,\"path3NumBlockedTiers\":0,\"isHero\":true},{\"tower\":\"NinjaMonkey\",\"max\":-1,\"path1NumBlockedTiers\":0,\"path2NumBlockedTiers\":0,\"path3NumBlockedTiers\":0,\"isHero\":false},{\"tower\":\"Psi\",\"max\":0,\"path1NumBlockedTiers\":0,\"path2NumBlockedTiers\":0,\"path3NumBlockedTiers\":0,\"isHero\":true},{\"tower\":\"SniperMonkey\",\"max\":-1,\"path1NumBlockedTiers\":0,\"path2NumBlockedTiers\":0,\"path3NumBlockedTiers\":0,\"isHero\":false},{\"tower\":\"Geraldo\",\"max\":0,\"path1NumBlockedTiers\":0,\"path2NumBlockedTiers\":0,\"path3NumBlockedTiers\":0,\"isHero\":true},{\"tower\":\"SpikeFactory\",\"max\":0,\"path1NumBlockedTiers\":0,\"path2NumBlockedTiers\":0,\"path3NumBlockedTiers\":0,\"isHero\":false},{\"tower\":\"SuperMonkey\",\"max\":-1,\"path1NumBlockedTiers\":0,\"path2NumBlockedTiers\":0,\"path3NumBlockedTiers\":0,\"isHero\":false},{\"tower\":\"TackShooter\",\"max\":-1,\"path1NumBlockedTiers\":0,\"path2NumBlockedTiers\":0,\"path3NumBlockedTiers\":0,\"isHero\":false},{\"tower\":\"WizardMonkey\",\"max\":-1,\"path1NumBlockedTiers\":0,\"path2NumBlockedTiers\":0,\"path3NumBlockedTiers\":0,\"isHero\":false},{\"tower\":\"MortarMonkey\",\"max\":-1,\"path1NumBlockedTiers\":0,\"path2NumBlockedTiers\":0,\"path3NumBlockedTiers\":0,\"isHero\":false},{\"tower\":\"EngineerMonkey\",\"max\":-1,\"path1NumBlockedTiers\":0,\"path2NumBlockedTiers\":0,\"path3NumBlockedTiers\":0,\"isHero\":false},{\"tower\":\"DartlingGunner\",\"max\":0,\"path1NumBlockedTiers\":0,\"path2NumBlockedTiers\":0,\"path3NumBlockedTiers\":0,\"isHero\":false}],\"map\":\"TownCentre\",\"difficulty\":\"Medium\",\"rewards\":\"\",\"mode\":\"Standard\",\"id\":87,\"maxTowers\":-1,\"seed\":1,\"bloonModifiers\":{\"speedMultiplier\":1,\"moabSpeedMultiplier\":1,\"bossSpeedMultiplier\":0.75,\"regrowRateMultiplier\":1,\"healthMultipliers\":{\"bloons\":1,\"moabs\":1,\"boss\":0.6},\"allCamo\":false,\"allRegen\":false},\"disableMK\":false,\"startRules\":{\"lives\":200,\"cash\":35000,\"round\":37,\"maxLives\":-1,\"endRound\":140},\"name\":\"Lych29\",\"displayIncludedTowers\":false,\"disableSelling\":false,\"disablePowers\":false,\"noContinues\":false,\"noInstaReward\":false,\"removeableCostMultiplier\":1,\"abilityCooldownReductionMultiplier\":1,\"leastCashUsed\":-1,\"leastTiersUsed\":-1,\"roundSets\":[\"lych\"],\"maxParagons\":4},\"eliteDcm\":{\"towers\":[{\"tower\":\"Ezili\",\"max\":99,\"path1NumBlockedTiers\":0,\"path2NumBlockedTiers\":0,\"path3NumBlockedTiers\":0,\"isHero\":true},{\"tower\":\"ObynGreenfoot\",\"max\":1,\"path1NumBlockedTiers\":0,\"path2NumBlockedTiers\":0,\"path3NumBlockedTiers\":0,\"isHero\":true},{\"tower\":\"Alchemist\",\"max\":-1,\"path1NumBlockedTiers\":0,\"path2NumBlockedTiers\":0,\"path3NumBlockedTiers\":0,\"isHero\":false},{\"tower\":\"ChosenPrimaryHero\",\"max\":0,\"path1NumBlockedTiers\":0,\"path2NumBlockedTiers\":0,\"path3NumBlockedTiers\":0,\"isHero\":true},{\"tower\":\"BananaFarm\",\"max\":-1,\"path1NumBlockedTiers\":0,\"path2NumBlockedTiers\":0,\"path3NumBlockedTiers\":0,\"isHero\":false},{\"tower\":\"Quincy\",\"max\":0,\"path1NumBlockedTiers\":0,\"path2NumBlockedTiers\":0,\"path3NumBlockedTiers\":0,\"isHero\":true},{\"tower\":\"BombShooter\",\"max\":-1,\"path1NumBlockedTiers\":0,\"path2NumBlockedTiers\":0,\"path3NumBlockedTiers\":0,\"isHero\":false},{\"tower\":\"Gwendolin\",\"max\":0,\"path1NumBlockedTiers\":0,\"path2NumBlockedTiers\":0,\"path3NumBlockedTiers\":0,\"isHero\":true},{\"tower\":\"BoomerangMonkey\",\"max\":-1,\"path1NumBlockedTiers\":0,\"path2NumBlockedTiers\":0,\"path3NumBlockedTiers\":0,\"isHero\":false},{\"tower\":\"StrikerJones\",\"max\":0,\"path1NumBlockedTiers\":0,\"path2NumBlockedTiers\":0,\"path3NumBlockedTiers\":0,\"isHero\":true},{\"tower\":\"DartMonkey\",\"max\":-1,\"path1NumBlockedTiers\":0,\"path2NumBlockedTiers\":0,\"path3NumBlockedTiers\":0,\"isHero\":false},{\"tower\":\"Druid\",\"max\":-1,\"path1NumBlockedTiers\":0,\"path2NumBlockedTiers\":0,\"path3NumBlockedTiers\":0,\"isHero\":false},{\"tower\":\"CaptainChurchill\",\"max\":0,\"path1NumBlockedTiers\":0,\"path2NumBlockedTiers\":0,\"path3NumBlockedTiers\":0,\"isHero\":true},{\"tower\":\"GlueGunner\",\"max\":-1,\"path1NumBlockedTiers\":0,\"path2NumBlockedTiers\":0,\"path3NumBlockedTiers\":0,\"isHero\":false},{\"tower\":\"Benjamin\",\"max\":0,\"path1NumBlockedTiers\":0,\"path2NumBlockedTiers\":0,\"path3NumBlockedTiers\":0,\"isHero\":true},{\"tower\":\"HeliPilot\",\"max\":-1,\"path1NumBlockedTiers\":0,\"path2NumBlockedTiers\":0,\"path3NumBlockedTiers\":0,\"isHero\":false},{\"tower\":\"IceMonkey\",\"max\":-1,\"path1NumBlockedTiers\":0,\"path2NumBlockedTiers\":0,\"path3NumBlockedTiers\":0,\"isHero\":false},{\"tower\":\"PatFusty\",\"max\":0,\"path1NumBlockedTiers\":0,\"path2NumBlockedTiers\":0,\"path3NumBlockedTiers\":0,\"isHero\":true},{\"tower\":\"MonkeyAce\",\"max\":-1,\"path1NumBlockedTiers\":0,\"path2NumBlockedTiers\":0,\"path3NumBlockedTiers\":0,\"isHero\":false},{\"tower\":\"Adora\",\"max\":0,\"path1NumBlockedTiers\":0,\"path2NumBlockedTiers\":0,\"path3NumBlockedTiers\":0,\"isHero\":true},{\"tower\":\"MonkeyBuccaneer\",\"max\":-1,\"path1NumBlockedTiers\":0,\"path2NumBlockedTiers\":0,\"path3NumBlockedTiers\":0,\"isHero\":false},{\"tower\":\"AdmiralBrickell\",\"max\":0,\"path1NumBlockedTiers\":0,\"path2NumBlockedTiers\":0,\"path3NumBlockedTiers\":0,\"isHero\":true},{\"tower\":\"MonkeySub\",\"max\":-1,\"path1NumBlockedTiers\":0,\"path2NumBlockedTiers\":0,\"path3NumBlockedTiers\":0,\"isHero\":false},{\"tower\":\"Etienne\",\"max\":0,\"path1NumBlockedTiers\":0,\"path2NumBlockedTiers\":0,\"path3NumBlockedTiers\":0,\"isHero\":true},{\"tower\":\"MonkeyVillage\",\"max\":0,\"path1NumBlockedTiers\":0,\"path2NumBlockedTiers\":0,\"path3NumBlockedTiers\":0,\"isHero\":false},{\"tower\":\"Sauda\",\"max\":0,\"path1NumBlockedTiers\":0,\"path2NumBlockedTiers\":0,\"path3NumBlockedTiers\":0,\"isHero\":true},{\"tower\":\"NinjaMonkey\",\"max\":-1,\"path1NumBlockedTiers\":0,\"path2NumBlockedTiers\":0,\"path3NumBlockedTiers\":0,\"isHero\":false},{\"tower\":\"Psi\",\"max\":0,\"path1NumBlockedTiers\":0,\"path2NumBlockedTiers\":0,\"path3NumBlockedTiers\":0,\"isHero\":true},{\"tower\":\"SniperMonkey\",\"max\":-1,\"path1NumBlockedTiers\":0,\"path2NumBlockedTiers\":0,\"path3NumBlockedTiers\":0,\"isHero\":false},{\"tower\":\"Geraldo\",\"max\":0,\"path1NumBlockedTiers\":0,\"path2NumBlockedTiers\":0,\"path3NumBlockedTiers\":0,\"isHero\":true},{\"tower\":\"SpikeFactory\",\"max\":0,\"path1NumBlockedTiers\":0,\"path2NumBlockedTiers\":0,\"path3NumBlockedTiers\":0,\"isHero\":false},{\"tower\":\"SuperMonkey\",\"max\":-1,\"path1NumBlockedTiers\":0,\"path2NumBlockedTiers\":0,\"path3NumBlockedTiers\":0,\"isHero\":false},{\"tower\":\"TackShooter\",\"max\":-1,\"path1NumBlockedTiers\":0,\"path2NumBlockedTiers\":0,\"path3NumBlockedTiers\":0,\"isHero\":false},{\"tower\":\"WizardMonkey\",\"max\":-1,\"path1NumBlockedTiers\":0,\"path2NumBlockedTiers\":0,\"path3NumBlockedTiers\":0,\"isHero\":false},{\"tower\":\"MortarMonkey\",\"max\":-1,\"path1NumBlockedTiers\":0,\"path2NumBlockedTiers\":0,\"path3NumBlockedTiers\":0,\"isHero\":false},{\"tower\":\"EngineerMonkey\",\"max\":-1,\"path1NumBlockedTiers\":0,\"path2NumBlockedTiers\":0,\"path3NumBlockedTiers\":0,\"isHero\":false},{\"tower\":\"DartlingGunner\",\"max\":0,\"path1NumBlockedTiers\":0,\"path2NumBlockedTiers\":0,\"path3NumBlockedTiers\":0,\"isHero\":false}],\"map\":\"TownCentre\",\"difficulty\":\"Medium\",\"rewards\":\"\",\"mode\":\"Standard\",\"id\":0,\"maxTowers\":-1,\"seed\":1,\"bloonModifiers\":{\"speedMultiplier\":1,\"moabSpeedMultiplier\":1,\"bossSpeedMultiplier\":0.75,\"regrowRateMultiplier\":1,\"healthMultipliers\":{\"bloons\":1,\"moabs\":1,\"boss\":0.6},\"allCamo\":false,\"allRegen\":false},\"disableMK\":false,\"startRules\":{\"lives\":100,\"cash\":35000,\"round\":37,\"maxLives\":-1,\"endRound\":140},\"name\":\"\",\"displayIncludedTowers\":false,\"disableSelling\":false,\"disablePowers\":false,\"noContinues\":false,\"noInstaReward\":false,\"removeableCostMultiplier\":1,\"abilityCooldownReductionMultiplier\":1,\"leastCashUsed\":-1,\"leastTiersUsed\":-1,\"roundSets\":[\"lych\"],\"maxParagons\":4},\"bossType\":\"lych\"}"
}